Year,State,Energy Price
1970,AK,1.12
1970,AL,0.9
1970,AR,0.86
1970,AZ,0.77
1970,CA,1.12
1970,CO,0.98
1970,CT,1.21
1970,DC,0.73
1970,DE,0.76
1970,FL,1.1
1970,GA,0.97
1970,HI,0.73
1970,IA,1.06
1970,ID,0.98
1970,IL,1.1
1970,IN,1.04
1970,KS,0.83
1970,KY,1.12
1970,LA,0.8
1970,MA,1.25
1970,MD,1.09
1970,ME,1.12
1970,MI,1.09
1970,MN,1.08
1970,MO,1.03
1970,MS,0.79
1970,MT,0.82
1970,NC,1.13
1970,ND,0.96
1970,NE,0.79
1970,NH,1.23
1970,NJ,1.25
1970,NM,0.86
1970,NV,0.76
1970,NY,1.24
1970,OH,1.11
1970,OK,0.72
1970,OR,1.14
1970,PA,1.09
1970,RI,1.18
1970,SC,1.06
1970,SD,0.97
1970,TN,1.06
1970,TX,0.9
1970,US,1.13
1970,UT,0.76
1970,VA,1.14
1970,VT,1.35
1970,WA,1.17
1970,WI,1.09
1970,WV,0.94
1970,WY,0.76
1971,AK,1.17
1971,AL,0.94
1971,AR,0.93
1971,AZ,0.81
1971,CA,1.13
1971,CO,1.04
1971,CT,1.33
1971,DC,0.77
1971,DE,0.93
1971,FL,1.17
1971,GA,1.05
1971,HI,0.83
1971,IA,1.18
1971,ID,0.84
1971,IL,1.15
1971,IN,1.07
1971,KS,0.94
1971,KY,1.14
1971,LA,0.84
1971,MA,1.38
1971,MD,1.12
1971,ME,1.14
1971,MI,1.13
1971,MN,1.14
1971,MO,1.11
1971,MS,0.9
1971,MT,0.87
1971,NC,1.18
1971,ND,1.05
1971,NE,0.97
1971,NH,1.28
1971,NJ,1.36
1971,NM,0.87
1971,NV,0.82
1971,NY,1.28
1971,OH,1.16
1971,OK,0.75
1971,OR,1.16
1971,PA,1.16
1971,RI,1.28
1971,SC,1.17
1971,SD,1.0
1971,TN,1.13
1971,TX,0.96
1971,US,1.18
1971,UT,0.8
1971,VA,1.18
1971,VT,1.39
1971,WA,1.24
1971,WI,1.13
1971,WV,0.98
1971,WY,0.81
1972,AK,1.17
1972,AL,1.01
1972,AR,0.93
1972,AZ,0.95
1972,CA,1.18
1972,CO,1.03
1972,CT,1.39
1972,DC,0.78
1972,DE,1.0
1972,FL,1.19
1972,GA,1.1
1972,HI,0.83
1972,IA,1.18
1972,ID,0.85
1972,IL,1.17
1972,IN,1.11
1972,KS,0.9
1972,KY,1.18
1972,LA,0.9
1972,MA,1.41
1972,MD,1.18
1972,ME,1.19
1972,MI,1.15
1972,MN,1.09
1972,MO,1.11
1972,MS,0.9
1972,MT,0.88
1972,NC,1.19
1972,ND,1.05
1972,NE,1.01
1972,NH,1.33
1972,NJ,1.37
1972,NM,0.89
1972,NV,0.83
1972,NY,1.36
1972,OH,1.18
1972,OK,0.78
1972,OR,1.18
1972,PA,1.16
1972,RI,1.37
1972,SC,1.18
1972,SD,1.0
1972,TN,1.13
1972,TX,0.98
1972,US,1.18
1972,UT,0.8
1972,VA,1.18
1972,VT,1.42
1972,WA,1.25
1972,WI,1.15
1972,WV,1.02
1972,WY,0.82
1973,AK,1.11
1973,AL,1.11
1973,AR,1.21
1973,AZ,1.07
1973,CA,1.41
1973,CO,1.22
1973,CT,1.4
1973,DC,0.99
1973,DE,1.12
1973,FL,1.32
1973,GA,1.24
1973,HI,1.02
1973,IA,1.36
1973,ID,1.07
1973,IL,1.28
1973,IN,1.28
1973,KS,1.18
1973,KY,1.35
1973,LA,1.06
1973,MA,1.46
1973,MD,1.23
1973,ME,1.25
1973,MI,1.31
1973,MN,1.3
1973,MO,1.31
1973,MS,1.04
1973,MT,1.06
1973,NC,1.37
1973,ND,1.15
1973,NE,1.19
1973,NH,1.45
1973,NJ,1.45
1973,NM,1.0
1973,NV,1.07
1973,NY,1.42
1973,OH,1.3
1973,OK,0.91
1973,OR,1.27
1973,PA,1.33
1973,RI,1.46
1973,SC,1.37
1973,SD,1.19
1973,TN,1.19
1973,TX,1.14
1973,US,1.35
1973,UT,0.94
1973,VA,1.28
1973,VT,1.42
1973,WA,1.35
1973,WI,1.41
1973,WV,1.02
1973,WY,0.98
1974,AK,2.0
1974,AL,1.83
1974,AR,1.89
1974,AZ,1.76
1974,CA,2.26
1974,CO,1.94
1974,CT,2.36
1974,DC,1.97
1974,DE,2.0
1974,FL,2.18
1974,GA,1.8
1974,HI,1.83
1974,IA,2.29
1974,ID,2.1
1974,IL,2.21
1974,IN,2.27
1974,KS,1.92
1974,KY,2.06
1974,LA,1.73
1974,MA,2.38
1974,MD,2.1
1974,ME,2.07
1974,MI,2.23
1974,MN,2.06
1974,MO,2.26
1974,MS,1.62
1974,MT,1.79
1974,NC,2.16
1974,ND,2.01
1974,NE,1.79
1974,NH,2.29
1974,NJ,2.34
1974,NM,1.62
1974,NV,1.87
1974,NY,2.28
1974,OH,2.28
1974,OK,1.63
1974,OR,2.02
1974,PA,2.27
1974,RI,2.27
1974,SC,2.06
1974,SD,1.79
1974,TN,2.0
1974,TX,2.12
1974,US,2.2
1974,UT,1.82
1974,VA,2.03
1974,VT,2.26
1974,WA,1.69
1974,WI,2.31
1974,WV,1.99
1974,WY,1.71
1975,AK,2.2
1975,AL,2.08
1975,AR,2.18
1975,AZ,2.12
1975,CA,2.5
1975,CO,2.12
1975,CT,2.67
1975,DC,2.01
1975,DE,2.36
1975,FL,2.38
1975,GA,2.25
1975,HI,2.04
1975,IA,2.38
1975,ID,2.12
1975,IL,2.39
1975,IN,2.39
1975,KS,2.13
1975,KY,2.31
1975,LA,2.01
1975,MA,2.74
1975,MD,2.39
1975,ME,2.55
1975,MI,2.44
1975,MN,2.31
1975,MO,2.4
1975,MS,1.86
1975,MT,2.0
1975,NC,2.37
1975,ND,2.16
1975,NE,2.09
1975,NH,2.56
1975,NJ,2.61
1975,NM,1.84
1975,NV,2.0
1975,NY,2.6
1975,OH,2.41
1975,OK,1.91
1975,OR,2.31
1975,PA,2.48
1975,RI,2.65
1975,SC,2.32
1975,SD,2.2
1975,TN,2.24
1975,TX,2.24
1975,US,2.43
1975,UT,2.03
1975,VA,2.36
1975,VT,2.62
1975,WA,2.26
1975,WI,2.39
1975,WV,2.05
1975,WY,1.99
1976,AK,2.42
1976,AL,2.28
1976,AR,2.32
1976,AZ,2.32
1976,CA,2.65
1976,CO,2.32
1976,CT,2.79
1976,DC,2.21
1976,DE,2.56
1976,FL,2.53
1976,GA,2.38
1976,HI,2.08
1976,IA,2.59
1976,ID,2.21
1976,IL,2.6
1976,IN,2.46
1976,KS,2.29
1976,KY,2.45
1976,LA,2.36
1976,MA,2.92
1976,MD,2.55
1976,ME,2.55
1976,MI,2.64
1976,MN,2.28
1976,MO,2.54
1976,MS,2.18
1976,MT,2.09
1976,NC,2.58
1976,ND,2.26
1976,NE,2.26
1976,NH,2.64
1976,NJ,2.84
1976,NM,1.84
1976,NV,2.03
1976,NY,2.79
1976,OH,2.55
1976,OK,2.12
1976,OR,2.46
1976,PA,2.53
1976,RI,2.71
1976,SC,2.52
1976,SD,2.26
1976,TN,2.34
1976,TX,2.54
1976,US,2.61
1976,UT,1.86
1976,VA,2.49
1976,VT,2.68
1976,WA,2.44
1976,WI,2.54
1976,WV,2.22
1976,WY,2.11
1977,AK,2.62
1977,AL,2.67
1977,AR,2.62
1977,AZ,2.53
1977,CA,2.97
1977,CO,2.37
1977,CT,3.12
1977,DC,2.6
1977,DE,2.89
1977,FL,2.73
1977,GA,2.77
1977,HI,2.36
1977,IA,2.96
1977,ID,2.61
1977,IL,2.93
1977,IN,2.66
1977,KS,2.71
1977,KY,2.83
1977,LA,2.54
1977,MA,3.25
1977,MD,2.84
1977,ME,2.9
1977,MI,2.98
1977,MN,2.69
1977,MO,2.86
1977,MS,2.55
1977,MT,2.19
1977,NC,2.98
1977,ND,2.69
1977,NE,2.58
1977,NH,3.12
1977,NJ,3.06
1977,NM,2.36
1977,NV,2.46
1977,NY,3.06
1977,OH,2.91
1977,OK,2.45
1977,OR,2.66
1977,PA,2.85
1977,RI,3.04
1977,SC,2.89
1977,SD,2.69
1977,TN,2.66
1977,TX,2.86
1977,US,2.96
1977,UT,2.17
1977,VA,2.97
1977,VT,3.12
1977,WA,2.62
1977,WI,2.97
1977,WV,2.58
1977,WY,2.2
1978,AK,2.57
1978,AL,2.9
1978,AR,2.8
1978,AZ,2.7
1978,CA,3.03
1978,CO,2.61
1978,CT,3.26
1978,DC,2.84
1978,DE,3.12
1978,FL,3.01
1978,GA,2.96
1978,HI,2.49
1978,IA,3.1
1978,ID,2.92
1978,IL,2.99
1978,IN,2.84
1978,KS,2.79
1978,KY,3.07
1978,LA,2.53
1978,MA,3.41
1978,MD,3.12
1978,ME,2.99
1978,MI,3.16
1978,MN,2.9
1978,MO,2.96
1978,MS,2.81
1978,MT,2.19
1978,NC,3.04
1978,ND,2.37
1978,NE,2.9
1978,NH,3.32
1978,NJ,3.35
1978,NM,2.46
1978,NV,2.58
1978,NY,3.25
1978,OH,3.04
1978,OK,2.59
1978,OR,2.87
1978,PA,2.98
1978,RI,3.23
1978,SC,3.05
1978,SD,2.9
1978,TN,2.88
1978,TX,2.86
1978,US,3.09
1978,UT,2.2
1978,VA,3.12
1978,VT,3.25
1978,WA,2.86
1978,WI,3.03
1978,WV,2.83
1978,WY,2.29
1979,AK,3.58
1979,AL,3.9
1979,AR,3.54
1979,AZ,3.37
1979,CA,4.01
1979,CO,3.22
1979,CT,4.13
1979,DC,3.48
1979,DE,3.95
1979,FL,3.98
1979,GA,3.95
1979,HI,3.79
1979,IA,3.84
1979,ID,3.31
1979,IL,3.92
1979,IN,3.77
1979,KS,3.52
1979,KY,3.93
1979,LA,3.73
1979,MA,4.37
1979,MD,3.95
1979,ME,3.98
1979,MI,4.02
1979,MN,3.78
1979,MO,3.81
1979,MS,3.46
1979,MT,2.88
1979,NC,3.93
1979,ND,2.88
1979,NE,3.34
1979,NH,3.94
1979,NJ,4.11
1979,NM,3.13
1979,NV,3.02
1979,NY,4.11
1979,OH,3.92
1979,OK,3.56
1979,OR,3.79
1979,PA,3.88
1979,RI,3.98
1979,SC,3.91
1979,SD,3.85
1979,TN,3.78
1979,TX,4.15
1979,US,4.02
1979,UT,3.33
1979,VA,3.95
1979,VT,4.42
1979,WA,3.79
1979,WI,4.0
1979,WV,3.95
1979,WY,2.99
1980,AK,4.08
1980,AL,5.28
1980,AR,4.87
1980,AZ,4.48
1980,CA,5.98
1980,CO,5.11
1980,CT,6.04
1980,DC,4.59
1980,DE,5.31
1980,FL,5.75
1980,GA,6.06
1980,HI,4.6
1980,IA,5.52
1980,ID,4.45
1980,IL,5.6
1980,IN,5.47
1980,KS,4.6
1980,KY,5.92
1980,LA,5.0
1980,MA,6.12
1980,MD,5.78
1980,ME,5.67
1980,MI,5.56
1980,MN,5.08
1980,MO,5.83
1980,MS,4.8
1980,MT,3.91
1980,NC,5.82
1980,ND,5.0
1980,NE,4.96
1980,NH,5.88
1980,NJ,5.87
1980,NM,5.02
1980,NV,4.04
1980,NY,5.68
1980,OH,5.69
1980,OK,5.33
1980,OR,5.62
1980,PA,5.85
1980,RI,5.65
1980,SC,5.15
1980,SD,4.17
1980,TN,5.5
1980,TX,5.49
1980,US,5.78
1980,UT,4.54
1980,VA,5.64
1980,VT,6.28
1980,WA,5.05
1980,WI,5.58
1980,WV,5.55
1980,WY,4.04
1981,AK,5.18
1981,AL,6.08
1981,AR,5.83
1981,AZ,5.32
1981,CA,7.05
1981,CO,6.11
1981,CT,7.56
1981,DC,5.42
1981,DE,6.51
1981,FL,6.68
1981,GA,6.97
1981,HI,5.68
1981,IA,6.05
1981,ID,5.31
1981,IL,6.96
1981,IN,6.33
1981,KS,5.7
1981,KY,6.94
1981,LA,5.34
1981,MA,7.01
1981,MD,6.81
1981,ME,6.1
1981,MI,6.45
1981,MN,6.42
1981,MO,7.0
1981,MS,6.0
1981,MT,4.61
1981,NC,7.22
1981,ND,5.52
1981,NE,6.04
1981,NH,6.96
1981,NJ,7.01
1981,NM,5.81
1981,NV,5.22
1981,NY,6.81
1981,OH,6.6
1981,OK,5.6
1981,OR,6.4
1981,PA,7.02
1981,RI,6.97
1981,SC,6.57
1981,SD,5.42
1981,TN,6.62
1981,TX,6.37
1981,US,6.91
1981,UT,5.46
1981,VA,6.75
1981,VT,7.18
1981,WA,6.46
1981,WI,6.77
1981,WV,6.46
1981,WY,4.58
1982,AK,5.15
1982,AL,6.25
1982,AR,6.54
1982,AZ,5.78
1982,CA,7.1
1982,CO,5.73
1982,CT,7.51
1982,DC,6.3
1982,DE,5.97
1982,FL,6.96
1982,GA,7.01
1982,HI,5.84
1982,IA,6.16
1982,ID,6.62
1982,IL,7.06
1982,IN,6.41
1982,KS,5.34
1982,KY,6.88
1982,LA,6.58
1982,MA,7.51
1982,MD,6.77
1982,ME,6.83
1982,MI,7.04
1982,MN,6.76
1982,MO,6.96
1982,MS,6.04
1982,MT,4.83
1982,NC,7.05
1982,ND,5.72
1982,NE,5.72
1982,NH,6.86
1982,NJ,7.02
1982,NM,4.97
1982,NV,5.51
1982,NY,7.02
1982,OH,7.22
1982,OK,5.61
1982,OR,6.62
1982,PA,7.02
1982,RI,6.87
1982,SC,6.6
1982,SD,5.43
1982,TN,6.59
1982,TX,6.42
1982,US,6.86
1982,UT,5.83
1982,VA,6.94
1982,VT,7.42
1982,WA,7.08
1982,WI,6.94
1982,WV,6.96
1982,WY,4.85
1983,AK,5.69
1983,AL,6.28
1983,AR,6.2
1983,AZ,6.24
1983,CA,6.75
1983,CO,6.38
1983,CT,7.42
1983,DC,6.44
1983,DE,6.03
1983,FL,6.56
1983,GA,6.43
1983,HI,5.96
1983,IA,6.59
1983,ID,6.26
1983,IL,6.46
1983,IN,6.26
1983,KS,5.93
1983,KY,6.8
1983,LA,6.23
1983,MA,7.17
1983,MD,6.59
1983,ME,6.93
1983,MI,6.65
1983,MN,6.33
1983,MO,6.44
1983,MS,6.15
1983,MT,5.39
1983,NC,6.4
1983,ND,5.76
1983,NE,6.11
1983,NH,6.86
1983,NJ,7.05
1983,NM,5.22
1983,NV,5.96
1983,NY,7.11
1983,OH,6.73
1983,OK,5.61
1983,OR,6.23
1983,PA,6.67
1983,RI,6.91
1983,SC,6.5
1983,SD,5.66
1983,TN,6.4
1983,TX,6.27
1983,US,6.58
1983,UT,6.11
1983,VA,6.43
1983,VT,6.91
1983,WA,6.61
1983,WI,6.75
1983,WV,6.73
1983,WY,5.42
1984,AK,5.61
1984,AL,6.15
1984,AR,6.25
1984,AZ,6.02
1984,CA,6.67
1984,CO,6.03
1984,CT,7.0
1984,DC,6.16
1984,DE,6.06
1984,FL,6.52
1984,GA,6.51
1984,HI,5.96
1984,IA,6.39
1984,ID,6.14
1984,IL,6.38
1984,IN,6.14
1984,KS,5.95
1984,KY,6.63
1984,LA,6.29
1984,MA,7.04
1984,MD,6.49
1984,ME,6.69
1984,MI,6.58
1984,MN,6.27
1984,MO,6.46
1984,MS,6.04
1984,MT,5.23
1984,NC,6.46
1984,ND,5.91
1984,NE,6.04
1984,NH,6.38
1984,NJ,6.86
1984,NM,5.6
1984,NV,5.92
1984,NY,7.18
1984,OH,6.71
1984,OK,5.89
1984,OR,6.0
1984,PA,6.71
1984,RI,6.46
1984,SC,6.62
1984,SD,5.85
1984,TN,6.14
1984,TX,6.17
1984,US,6.54
1984,UT,5.86
1984,VA,6.42
1984,VT,6.5
1984,WA,6.32
1984,WI,6.6
1984,WV,6.69
1984,WY,5.49
1985,AK,5.1
1985,AL,6.0
1985,AR,6.09
1985,AZ,5.83
1985,CA,6.53
1985,CO,5.93
1985,CT,7.27
1985,DC,6.34
1985,DE,6.12
1985,FL,6.72
1985,GA,6.42
1985,HI,6.21
1985,IA,6.28
1985,ID,6.46
1985,IL,6.44
1985,IN,5.87
1985,KS,5.41
1985,KY,6.17
1985,LA,5.7
1985,MA,7.29
1985,MD,6.37
1985,ME,6.14
1985,MI,6.75
1985,MN,6.18
1985,MO,6.3
1985,MS,5.89
1985,MT,5.36
1985,NC,6.38
1985,ND,5.52
1985,NE,6.19
1985,NH,6.82
1985,NJ,7.04
1985,NM,5.63
1985,NV,6.08
1985,NY,6.9
1985,OH,6.39
1985,OK,5.34
1985,OR,6.15
1985,PA,6.5
1985,RI,6.66
1985,SC,6.26
1985,SD,5.81
1985,TN,6.12
1985,TX,5.67
1985,US,6.37
1985,UT,5.67
1985,VA,6.51
1985,VT,6.89
1985,WA,6.03
1985,WI,6.35
1985,WV,6.25
1985,WY,5.16
1986,AK,4.16
1986,AL,4.75
1986,AR,4.62
1986,AZ,4.33
1986,CA,5.08
1986,CO,4.5
1986,CT,5.22
1986,DC,4.62
1986,DE,4.92
1986,FL,4.95
1986,GA,5.35
1986,HI,4.49
1986,IA,4.99
1986,ID,4.4
1986,IL,5.02
1986,IN,4.74
1986,KS,4.62
1986,KY,4.9
1986,LA,4.01
1986,MA,5.65
1986,MD,5.63
1986,ME,4.88
1986,MI,5.53
1986,MN,4.89
1986,MO,4.94
1986,MS,4.9
1986,MT,4.35
1986,NC,4.97
1986,ND,4.59
1986,NE,4.62
1986,NH,5.45
1986,NJ,5.23
1986,NM,4.51
1986,NV,4.46
1986,NY,5.69
1986,OH,5.36
1986,OK,4.58
1986,OR,4.74
1986,PA,5.38
1986,RI,6.08
1986,SC,4.99
1986,SD,4.57
1986,TN,4.89
1986,TX,4.3
1986,US,4.92
1986,UT,4.38
1986,VA,4.99
1986,VT,6.01
1986,WA,4.54
1986,WI,5.14
1986,WV,4.99
1986,WY,4.36
1987,AK,4.13
1987,AL,4.49
1987,AR,4.57
1987,AZ,4.36
1987,CA,5.28
1987,CO,4.15
1987,CT,5.85
1987,DC,4.44
1987,DE,4.63
1987,FL,5.0
1987,GA,5.31
1987,HI,4.39
1987,IA,4.74
1987,ID,4.71
1987,IL,4.79
1987,IN,4.49
1987,KS,4.5
1987,KY,4.87
1987,LA,4.44
1987,MA,5.71
1987,MD,4.97
1987,ME,5.0
1987,MI,5.47
1987,MN,4.62
1987,MO,4.7
1987,MS,4.46
1987,MT,4.11
1987,NC,5.05
1987,ND,4.56
1987,NE,4.5
1987,NH,5.47
1987,NJ,5.45
1987,NM,4.32
1987,NV,4.27
1987,NY,5.82
1987,OH,5.24
1987,OK,4.29
1987,OR,4.48
1987,PA,5.23
1987,RI,5.18
1987,SC,5.26
1987,SD,4.39
1987,TN,4.56
1987,TX,4.34
1987,US,5.12
1987,UT,4.19
1987,VA,4.55
1987,VT,5.35
1987,WA,4.58
1987,WI,5.03
1987,WV,4.8
1987,WY,4.13
1988,AK,4.3
1988,AL,4.21
1988,AR,4.45
1988,AZ,4.45
1988,CA,5.06
1988,CO,3.83
1988,CT,5.31
1988,DC,4.34
1988,DE,4.26
1988,FL,4.93
1988,GA,5.13
1988,HI,4.06
1988,IA,4.69
1988,ID,4.4
1988,IL,4.52
1988,IN,4.47
1988,KS,4.16
1988,KY,4.61
1988,LA,3.88
1988,MA,5.23
1988,MD,4.71
1988,ME,4.43
1988,MI,5.15
1988,MN,4.61
1988,MO,4.71
1988,MS,4.42
1988,MT,4.03
1988,NC,4.76
1988,ND,4.29
1988,NE,4.27
1988,NH,5.11
1988,NJ,4.97
1988,NM,4.17
1988,NV,4.08
1988,NY,5.4
1988,OH,5.03
1988,OK,4.13
1988,OR,4.8
1988,PA,4.98
1988,RI,5.0
1988,SC,4.87
1988,SD,4.18
1988,TN,4.35
1988,TX,4.03
1988,US,4.84
1988,UT,3.95
1988,VA,4.42
1988,VT,5.41
1988,WA,4.38
1988,WI,4.89
1988,WV,4.52
1988,WY,3.9
1989,AK,4.62
1989,AL,4.88
1989,AR,4.51
1989,AZ,4.8
1989,CA,5.4
1989,CO,4.51
1989,CT,5.46
1989,DC,4.97
1989,DE,4.91
1989,FL,5.23
1989,GA,5.34
1989,HI,4.59
1989,IA,4.72
1989,ID,4.6
1989,IL,5.18
1989,IN,4.83
1989,KS,4.93
1989,KY,4.75
1989,LA,4.72
1989,MA,5.36
1989,MD,5.07
1989,ME,4.79
1989,MI,5.72
1989,MN,4.85
1989,MO,4.82
1989,MS,4.6
1989,MT,4.31
1989,NC,5.11
1989,ND,4.39
1989,NE,4.54
1989,NH,5.12
1989,NJ,5.16
1989,NM,4.79
1989,NV,4.79
1989,NY,5.41
1989,OH,5.45
1989,OK,4.44
1989,OR,4.86
1989,PA,5.38
1989,RI,5.22
1989,SC,5.33
1989,SD,4.72
1989,TN,4.68
1989,TX,4.23
1989,US,5.09
1989,UT,4.45
1989,VA,4.95
1989,VT,5.5
1989,WA,4.78
1989,WI,5.03
1989,WV,4.99
1989,WY,4.15
1990,AK,6.17
1990,AL,5.76
1990,AR,5.9
1990,AZ,5.5
1990,CA,6.21
1990,CO,5.34
1990,CT,6.7
1990,DC,5.47
1990,DE,5.27
1990,FL,5.94
1990,GA,5.9
1990,HI,5.79
1990,IA,5.73
1990,ID,4.91
1990,IL,6.33
1990,IN,5.62
1990,KS,5.23
1990,KY,5.75
1990,LA,5.85
1990,MA,6.38
1990,MD,5.47
1990,ME,5.92
1990,MI,6.4
1990,MN,5.68
1990,MO,5.73
1990,MS,5.02
1990,MT,4.98
1990,NC,5.77
1990,ND,5.5
1990,NE,6.03
1990,NH,6.25
1990,NJ,5.92
1990,NM,6.01
1990,NV,5.03
1990,NY,6.72
1990,OH,6.14
1990,OK,5.59
1990,OR,5.71
1990,PA,6.18
1990,RI,6.04
1990,SC,6.07
1990,SD,5.6
1990,TN,5.61
1990,TX,5.41
1990,US,5.97
1990,UT,5.04
1990,VA,5.64
1990,VT,6.6
1990,WA,5.68
1990,WI,5.99
1990,WV,6.03
1990,WY,4.75
1991,AK,5.5
1991,AL,5.42
1991,AR,5.61
1991,AZ,5.83
1991,CA,5.95
1991,CO,5.03
1991,CT,6.08
1991,DC,5.14
1991,DE,5.55
1991,FL,5.36
1991,GA,5.81
1991,HI,5.78
1991,IA,5.21
1991,ID,5.5
1991,IL,5.58
1991,IN,5.25
1991,KS,4.64
1991,KY,5.05
1991,LA,5.08
1991,MA,5.76
1991,MD,5.41
1991,ME,5.73
1991,MI,6.12
1991,MN,5.53
1991,MO,5.28
1991,MS,4.9
1991,MT,4.67
1991,NC,5.54
1991,ND,4.6
1991,NE,5.01
1991,NH,5.53
1991,NJ,5.78
1991,NM,5.18
1991,NV,5.0
1991,NY,6.13
1991,OH,5.83
1991,OK,4.85
1991,OR,5.55
1991,PA,5.98
1991,RI,5.89
1991,SC,5.42
1991,SD,5.18
1991,TN,5.25
1991,TX,4.91
1991,US,5.59
1991,UT,5.06
1991,VA,5.48
1991,VT,5.24
1991,WA,5.61
1991,WI,5.56
1991,WV,5.68
1991,WY,4.94
1992,AK,4.96
1992,AL,5.25
1992,AR,4.99
1992,AZ,5.23
1992,CA,5.81
1992,CO,4.79
1992,CT,5.91
1992,DC,4.61
1992,DE,5.03
1992,FL,5.13
1992,GA,5.42
1992,HI,5.15
1992,IA,5.21
1992,ID,5.29
1992,IL,5.69
1992,IN,5.0
1992,KS,4.89
1992,KY,4.79
1992,LA,4.64
1992,MA,5.52
1992,MD,5.02
1992,ME,5.2
1992,MI,5.91
1992,MN,5.29
1992,MO,5.09
1992,MS,4.71
1992,MT,4.7
1992,NC,5.05
1992,ND,4.51
1992,NE,4.68
1992,NH,4.86
1992,NJ,5.25
1992,NM,4.57
1992,NV,4.7
1992,NY,5.7
1992,OH,5.27
1992,OK,4.85
1992,OR,4.96
1992,PA,5.76
1992,RI,5.01
1992,SC,5.17
1992,SD,5.16
1992,TN,5.21
1992,TX,4.53
1992,US,5.18
1992,UT,4.97
1992,VA,5.05
1992,VT,4.92
1992,WA,4.98
1992,WI,5.43
1992,WV,5.14
1992,WY,4.79
1993,AK,4.96
1993,AL,4.97
1993,AR,4.92
1993,AZ,5.51
1993,CA,5.78
1993,CO,4.81
1993,CT,5.98
1993,DC,5.22
1993,DE,4.67
1993,FL,5.27
1993,GA,5.27
1993,HI,5.45
1993,IA,5.0
1993,ID,5.29
1993,IL,5.44
1993,IN,5.08
1993,KS,4.62
1993,KY,5.05
1993,LA,4.34
1993,MA,5.32
1993,MD,4.96
1993,ME,4.99
1993,MI,5.95
1993,MN,5.64
1993,MO,5.01
1993,MS,4.81
1993,MT,4.84
1993,NC,5.2
1993,ND,4.48
1993,NE,4.5
1993,NH,4.8
1993,NJ,5.11
1993,NM,4.75
1993,NV,4.69
1993,NY,5.56
1993,OH,5.5
1993,OK,4.96
1993,OR,5.29
1993,PA,5.78
1993,RI,4.97
1993,SC,5.13
1993,SD,4.92
1993,TN,5.09
1993,TX,4.46
1993,US,5.14
1993,UT,4.91
1993,VA,4.96
1993,VT,5.16
1993,WA,5.19
1993,WI,5.22
1993,WV,5.2
1993,WY,4.72
1994,AK,4.53
1994,AL,4.85
1994,AR,4.3
1994,AZ,5.13
1994,CA,5.69
1994,CO,4.8
1994,CT,6.08
1994,DC,5.31
1994,DE,4.87
1994,FL,4.91
1994,GA,5.22
1994,HI,4.95
1994,IA,5.0
1994,ID,5.01
1994,IL,5.39
1994,IN,5.13
1994,KS,4.86
1994,KY,5.0
1994,LA,4.11
1994,MA,5.8
1994,MD,5.0
1994,ME,5.31
1994,MI,5.9
1994,MN,5.19
1994,MO,5.0
1994,MS,4.39
1994,MT,4.8
1994,NC,5.18
1994,ND,4.29
1994,NE,4.74
1994,NH,5.08
1994,NJ,5.29
1994,NM,4.46
1994,NV,4.77
1994,NY,5.62
1994,OH,5.67
1994,OK,4.84
1994,OR,4.76
1994,PA,5.99
1994,RI,5.42
1994,SC,5.0
1994,SD,4.82
1994,TN,5.33
1994,TX,4.34
1994,US,5.03
1994,UT,4.64
1994,VA,5.09
1994,VT,5.33
1994,WA,5.03
1994,WI,5.04
1994,WV,5.11
1994,WY,4.44
1995,AK,4.54
1995,AL,4.83
1995,AR,4.28
1995,AZ,5.22
1995,CA,5.69
1995,CO,4.77
1995,CT,5.65
1995,DC,4.97
1995,DE,4.7
1995,FL,5.17
1995,GA,5.08
1995,HI,5.21
1995,IA,4.97
1995,ID,5.15
1995,IL,5.34
1995,IN,5.28
1995,KS,4.94
1995,KY,4.91
1995,LA,4.08
1995,MA,5.55
1995,MD,4.8
1995,ME,5.16
1995,MI,5.53
1995,MN,5.09
1995,MO,4.91
1995,MS,4.19
1995,MT,4.82
1995,NC,5.08
1995,ND,4.24
1995,NE,4.5
1995,NH,5.12
1995,NJ,5.22
1995,NM,4.16
1995,NV,4.39
1995,NY,5.38
1995,OH,5.47
1995,OK,4.95
1995,OR,5.01
1995,PA,5.85
1995,RI,4.96
1995,SC,5.05
1995,SD,4.83
1995,TN,5.02
1995,TX,4.16
1995,US,5.21
1995,UT,4.84
1995,VA,5.2
1995,VT,4.66
1995,WA,5.18
1995,WI,4.94
1995,WV,5.32
1995,WY,4.54
1996,AK,5.02
1996,AL,5.0
1996,AR,5.13
1996,AZ,5.53
1996,CA,6.11
1996,CO,5.57
1996,CT,6.65
1996,DC,5.9
1996,DE,5.38
1996,FL,5.78
1996,GA,5.76
1996,HI,5.95
1996,IA,5.62
1996,ID,6.04
1996,IL,6.31
1996,IN,5.64
1996,KS,5.78
1996,KY,5.44
1996,LA,4.89
1996,MA,6.44
1996,MD,5.57
1996,ME,6.14
1996,MI,6.32
1996,MN,5.93
1996,MO,5.88
1996,MS,5.03
1996,MT,4.74
1996,NC,5.85
1996,ND,5.05
1996,NE,5.11
1996,NH,6.28
1996,NJ,5.92
1996,NM,5.04
1996,NV,5.33
1996,NY,6.03
1996,OH,6.01
1996,OK,5.51
1996,OR,5.41
1996,PA,6.51
1996,RI,6.08
1996,SC,5.47
1996,SD,5.53
1996,TN,5.72
1996,TX,5.41
1996,US,6.16
1996,UT,5.67
1996,VA,5.67
1996,VT,5.61
1996,WA,5.44
1996,WI,5.96
1996,WV,5.69
1996,WY,5.62
1997,AK,4.75
1997,AL,5.25
1997,AR,5.32
1997,AZ,5.52
1997,CA,6.28
1997,CO,5.83
1997,CT,6.71
1997,DC,5.88
1997,DE,5.51
1997,FL,6.26
1997,GA,6.04
1997,HI,5.76
1997,IA,5.62
1997,ID,5.98
1997,IL,5.95
1997,IN,5.47
1997,KS,5.73
1997,KY,5.68
1997,LA,5.02
1997,MA,6.46
1997,MD,5.55
1997,ME,5.91
1997,MI,6.12
1997,MN,5.7
1997,MO,5.79
1997,MS,5.5
1997,MT,4.9
1997,NC,5.93
1997,ND,4.63
1997,NE,5.37
1997,NH,5.46
1997,NJ,5.9
1997,NM,5.26
1997,NV,5.21
1997,NY,6.26
1997,OH,6.15
1997,OK,5.41
1997,OR,5.25
1997,PA,6.75
1997,RI,5.85
1997,SC,5.5
1997,SD,5.53
1997,TN,5.72
1997,TX,5.1
1997,US,5.8
1997,UT,5.7
1997,VA,5.68
1997,VT,5.3
1997,WA,5.16
1997,WI,5.58
1997,WV,5.94
1997,WY,5.52
1998,AK,3.84
1998,AL,4.44
1998,AR,4.02
1998,AZ,5.08
1998,CA,5.99
1998,CO,4.73
1998,CT,6.17
1998,DC,4.29
1998,DE,4.05
1998,FL,5.1
1998,GA,5.1
1998,HI,5.26
1998,IA,4.62
1998,ID,4.76
1998,IL,5.14
1998,IN,5.03
1998,KS,4.63
1998,KY,4.94
1998,LA,3.36
1998,MA,6.17
1998,MD,4.8
1998,ME,4.92
1998,MI,5.79
1998,MN,4.37
1998,MO,5.46
1998,MS,3.98
1998,MT,4.63
1998,NC,4.95
1998,ND,4.05
1998,NE,4.31
1998,NH,4.61
1998,NJ,4.35
1998,NM,4.02
1998,NV,4.66
1998,NY,5.3
1998,OH,5.67
1998,OK,4.29
1998,OR,5.45
1998,PA,6.12
1998,RI,5.48
1998,SC,4.44
1998,SD,4.39
1998,TN,5.06
1998,TX,3.67
1998,US,4.64
1998,UT,4.7
1998,VA,4.88
1998,VT,4.68
1998,WA,4.54
1998,WI,5.32
1998,WV,4.92
1998,WY,4.36
1999,AK,4.49
1999,AL,5.07
1999,AR,4.51
1999,AZ,6.0
1999,CA,6.05
1999,CO,5.7
1999,CT,6.22
1999,DC,5.24
1999,DE,4.96
1999,FL,5.55
1999,GA,5.05
1999,HI,5.53
1999,IA,5.08
1999,ID,5.02
1999,IL,5.49
1999,IN,4.88
1999,KS,5.28
1999,KY,4.95
1999,LA,4.48
1999,MA,6.13
1999,MD,5.2
1999,ME,5.69
1999,MI,5.76
1999,MN,4.77
1999,MO,5.35
1999,MS,4.34
1999,MT,4.54
1999,NC,5.29
1999,ND,4.35
1999,NE,4.88
1999,NH,5.62
1999,NJ,4.81
1999,NM,4.25
1999,NV,5.32
1999,NY,5.43
1999,OH,5.97
1999,OK,4.96
1999,OR,5.34
1999,PA,5.72
1999,RI,6.33
1999,SC,4.72
1999,SD,4.86
1999,TN,5.36
1999,TX,4.58
1999,US,5.28
1999,UT,5.04
1999,VA,5.33
1999,VT,5.08
1999,WA,5.28
1999,WI,5.16
1999,WV,5.16
1999,WY,4.9
2000,AK,5.91
2000,AL,7.02
2000,AR,7.29
2000,AZ,8.24
2000,CA,8.21
2000,CO,6.94
2000,CT,9.1
2000,DC,7.94
2000,DE,7.1
2000,FL,7.69
2000,GA,7.24
2000,HI,8.05
2000,IA,8.0
2000,ID,7.82
2000,IL,7.75
2000,IN,7.0
2000,KS,7.82
2000,KY,6.81
2000,LA,7.02
2000,MA,9.07
2000,MD,7.71
2000,ME,8.02
2000,MI,8.75
2000,MN,7.24
2000,MO,7.73
2000,MS,7.18
2000,MT,6.4
2000,NC,7.4
2000,ND,6.92
2000,NE,6.76
2000,NH,7.84
2000,NJ,7.8
2000,NM,6.83
2000,NV,7.12
2000,NY,8.26
2000,OH,7.76
2000,OK,7.31
2000,OR,7.87
2000,PA,8.1
2000,RI,8.88
2000,SC,7.31
2000,SD,7.29
2000,TN,6.59
2000,TX,7.26
2000,US,7.66
2000,UT,6.79
2000,VA,7.58
2000,VT,7.44
2000,WA,7.43
2000,WI,7.5
2000,WV,7.21
2000,WY,6.63
2001,AK,5.65
2001,AL,6.94
2001,AR,6.92
2001,AZ,7.81
2001,CA,8.81
2001,CO,7.6
2001,CT,8.64
2001,DC,7.94
2001,DE,6.68
2001,FL,8.12
2001,GA,7.56
2001,HI,6.83
2001,IA,7.5
2001,ID,7.45
2001,IL,8.2
2001,IN,7.86
2001,KS,7.71
2001,KY,7.5
2001,LA,6.33
2001,MA,9.35
2001,MD,7.79
2001,ME,7.47
2001,MI,7.97
2001,MN,7.43
2001,MO,7.53
2001,MS,6.71
2001,MT,6.72
2001,NC,7.36
2001,ND,6.7
2001,NE,7.35
2001,NH,8.55
2001,NJ,7.26
2001,NM,6.31
2001,NV,7.82
2001,NY,8.24
2001,OH,7.96
2001,OK,7.55
2001,OR,7.77
2001,PA,8.67
2001,RI,9.55
2001,SC,7.02
2001,SD,7.21
2001,TN,7.55
2001,TX,6.27
2001,US,7.02
2001,UT,7.04
2001,VA,7.59
2001,VT,7.48
2001,WA,7.76
2001,WI,7.4
2001,WV,6.62
2001,WY,7.01
2002,AK,5.62
2002,AL,5.68
2002,AR,5.91
2002,AZ,7.69
2002,CA,7.17
2002,CO,7.05
2002,CT,8.55
2002,DC,7.42
2002,DE,6.48
2002,FL,6.95
2002,GA,6.93
2002,HI,6.6
2002,IA,6.81
2002,ID,6.96
2002,IL,7.27
2002,IN,6.74
2002,KS,6.67
2002,KY,6.33
2002,LA,5.65
2002,MA,8.55
2002,MD,7.0
2002,ME,7.44
2002,MI,7.73
2002,MN,6.68
2002,MO,7.2
2002,MS,5.68
2002,MT,5.24
2002,NC,6.39
2002,ND,5.73
2002,NE,6.13
2002,NH,7.99
2002,NJ,6.96
2002,NM,5.7
2002,NV,6.79
2002,NY,7.29
2002,OH,7.33
2002,OK,6.84
2002,OR,7.73
2002,PA,7.73
2002,RI,8.68
2002,SC,5.9
2002,SD,6.52
2002,TN,6.42
2002,TX,5.72
2002,US,6.68
2002,UT,6.51
2002,VA,7.11
2002,VT,7.02
2002,WA,7.32
2002,WI,6.75
2002,WV,6.26
2002,WY,6.18
2003,AK,6.63
2003,AL,7.78
2003,AR,7.56
2003,AZ,8.11
2003,CA,8.98
2003,CO,7.51
2003,CT,9.5
2003,DC,9.5
2003,DE,7.55
2003,FL,9.04
2003,GA,8.36
2003,HI,7.99
2003,IA,7.96
2003,ID,7.88
2003,IL,8.52
2003,IN,7.89
2003,KS,8.38
2003,KY,7.74
2003,LA,7.41
2003,MA,9.35
2003,MD,8.59
2003,ME,8.45
2003,MI,9.01
2003,MN,7.7
2003,MO,8.45
2003,MS,7.32
2003,MT,6.98
2003,NC,8.42
2003,ND,7.19
2003,NE,7.78
2003,NH,8.79
2003,NJ,8.41
2003,NM,7.18
2003,NV,7.84
2003,NY,8.82
2003,OH,9.14
2003,OK,8.13
2003,OR,8.3
2003,PA,9.31
2003,RI,9.45
2003,SC,7.74
2003,SD,7.59
2003,TN,8.3
2003,TX,7.32
2003,US,7.94
2003,UT,7.22
2003,VA,9.0
2003,VT,7.95
2003,WA,8.18
2003,WI,7.9
2003,WV,7.6
2003,WY,7.26
2004,AK,8.19
2004,AL,9.41
2004,AR,9.69
2004,AZ,10.69
2004,CA,10.48
2004,CO,9.49
2004,CT,10.99
2004,DC,10.8
2004,DE,9.62
2004,FL,9.66
2004,GA,10.15
2004,HI,10.5
2004,IA,10.03
2004,ID,9.88
2004,IL,10.5
2004,IN,8.8
2004,KS,10.02
2004,KY,8.98
2004,LA,9.76
2004,MA,11.13
2004,MD,10.24
2004,ME,9.68
2004,MI,10.5
2004,MN,9.43
2004,MO,9.81
2004,MS,9.18
2004,MT,8.92
2004,NC,9.36
2004,ND,8.77
2004,NE,9.27
2004,NH,10.16
2004,NJ,10.69
2004,NM,9.22
2004,NV,9.68
2004,NY,9.84
2004,OH,10.35
2004,OK,10.0
2004,OR,10.13
2004,PA,10.88
2004,RI,11.34
2004,SC,9.26
2004,SD,9.49
2004,TN,10.26
2004,TX,9.34
2004,US,9.93
2004,UT,9.25
2004,VA,9.9
2004,VT,9.36
2004,WA,10.18
2004,WI,9.18
2004,WV,9.42
2004,WY,9.49
2005,AK,9.66
2005,AL,13.07
2005,AR,13.34
2005,AZ,13.31
2005,CA,12.85
2005,CO,13.67
2005,CT,14.24
2005,DC,13.62
2005,DE,12.85
2005,FL,13.2
2005,GA,13.33
2005,HI,12.93
2005,IA,13.57
2005,ID,12.91
2005,IL,13.51
2005,IN,12.6
2005,KS,13.71
2005,KY,12.9
2005,LA,12.73
2005,MA,14.54
2005,MD,12.72
2005,ME,13.14
2005,MI,14.29
2005,MN,13.02
2005,MO,12.99
2005,MS,12.59
2005,MT,10.29
2005,NC,12.73
2005,ND,12.44
2005,NE,13.19
2005,NH,12.89
2005,NJ,13.61
2005,NM,12.76
2005,NV,13.06
2005,NY,13.47
2005,OH,13.6
2005,OK,13.13
2005,OR,12.83
2005,PA,13.48
2005,RI,14.02
2005,SC,13.24
2005,SD,12.45
2005,TN,12.95
2005,TX,12.75
2005,US,13.16
2005,UT,13.0
2005,VA,12.84
2005,VT,12.82
2005,WA,12.81
2005,WI,13.37
2005,WV,12.54
2005,WY,12.99
2006,AK,15.17
2006,AL,14.76
2006,AR,15.06
2006,AZ,16.27
2006,CA,15.04
2006,CO,14.94
2006,CT,15.98
2006,DC,15.19
2006,DE,14.73
2006,FL,14.64
2006,GA,14.47
2006,HI,17.71
2006,IA,14.92
2006,ID,13.73
2006,IL,14.84
2006,IN,14.51
2006,KS,15.24
2006,KY,14.4
2006,LA,14.96
2006,MA,16.38
2006,MD,15.44
2006,ME,14.92
2006,MI,16.66
2006,MN,14.7
2006,MO,15.01
2006,MS,14.27
2006,MT,11.44
2006,NC,14.6
2006,ND,12.97
2006,NE,14.7
2006,NH,14.92
2006,NJ,15.89
2006,NM,14.75
2006,NV,15.24
2006,NY,14.89
2006,OH,15.18
2006,OK,15.31
2006,OR,15.16
2006,PA,15.84
2006,RI,15.97
2006,SC,14.92
2006,SD,13.94
2006,TN,14.54
2006,TX,14.59
2006,US,14.8
2006,UT,14.99
2006,VA,14.73
2006,VT,14.92
2006,WA,14.96
2006,WI,15.03
2006,WV,14.06
2006,WY,14.55
2007,AK,16.35
2007,AL,15.36
2007,AR,15.66
2007,AZ,16.71
2007,CA,16.19
2007,CO,15.88
2007,CT,18.25
2007,DC,15.22
2007,DE,15.99
2007,FL,16.1
2007,GA,15.64
2007,HI,19.12
2007,IA,16.09
2007,ID,14.85
2007,IL,17.3
2007,IN,14.77
2007,KS,16.61
2007,KY,13.15
2007,LA,15.47
2007,MA,18.14
2007,MD,15.93
2007,ME,16.47
2007,MI,16.65
2007,MN,16.07
2007,MO,16.0
2007,MS,15.13
2007,MT,11.71
2007,NC,15.59
2007,ND,15.35
2007,NE,16.0
2007,NH,16.47
2007,NJ,16.56
2007,NM,15.51
2007,NV,16.38
2007,NY,16.46
2007,OH,15.93
2007,OK,15.87
2007,OR,16.27
2007,PA,17.04
2007,RI,18.11
2007,SC,15.75
2007,SD,14.92
2007,TN,15.98
2007,TX,15.79
2007,US,16.01
2007,UT,16.19
2007,VA,15.9
2007,VT,16.41
2007,WA,16.14
2007,WI,15.98
2007,WV,14.64
2007,WY,14.95
2008,AK,19.92
2008,AL,18.13
2008,AR,19.18
2008,AZ,20.5
2008,CA,22.24
2008,CO,18.63
2008,CT,23.71
2008,DC,16.56
2008,DE,20.26
2008,FL,22.43
2008,GA,19.47
2008,HI,25.12
2008,IA,18.05
2008,ID,16.5
2008,IL,19.87
2008,IN,17.08
2008,KS,19.34
2008,KY,15.97
2008,LA,19.87
2008,MA,23.06
2008,MD,21.57
2008,ME,20.35
2008,MI,19.71
2008,MN,18.28
2008,MO,18.28
2008,MS,19.22
2008,MT,14.42
2008,NC,20.14
2008,ND,16.38
2008,NE,18.5
2008,NH,21.23
2008,NJ,22.33
2008,NM,18.28
2008,NV,20.66
2008,NY,20.47
2008,OH,19.25
2008,OK,19.74
2008,OR,17.99
2008,PA,20.89
2008,RI,20.27
2008,SC,18.2
2008,SD,16.06
2008,TN,18.44
2008,TX,21.01
2008,US,21.44
2008,UT,18.28
2008,VA,20.93
2008,VT,20.75
2008,WA,18.28
2008,WI,18.38
2008,WV,16.52
2008,WY,16.73
2009,AK,13.37
2009,AL,14.55
2009,AR,13.85
2009,AZ,14.73
2009,CA,14.78
2009,CO,13.74
2009,CT,15.48
2009,DC,12.77
2009,DE,15.38
2009,FL,15.21
2009,GA,14.36
2009,HI,17.03
2009,IA,13.32
2009,ID,14.37
2009,IL,13.94
2009,IN,12.5
2009,KS,13.77
2009,KY,12.73
2009,LA,13.29
2009,MA,15.86
2009,MD,15.0
2009,ME,14.7
2009,MI,14.68
2009,MN,14.46
2009,MO,13.2
2009,MS,13.92
2009,MT,12.32
2009,NC,15.45
2009,ND,12.61
2009,NE,13.22
2009,NH,15.34
2009,NJ,14.9
2009,NM,14.5
2009,NV,14.13
2009,NY,14.35
2009,OH,14.18
2009,OK,14.13
2009,OR,14.49
2009,PA,15.12
2009,RI,15.71
2009,SC,12.74
2009,SD,14.15
2009,TN,14.36
2009,TX,13.7
2009,US,14.45
2009,UT,13.97
2009,VA,14.69
2009,VT,12.87
2009,WA,13.5
2009,WI,13.29
2009,WV,14.24
2009,WY,14.07
2010,AK,17.205
2010,AL,17.130000000000003
2010,AR,16.134999999999998
2010,AZ,18.65
2010,CA,21.13
2010,CO,17.475
2010,CT,19.549999999999997
2010,DC,13.985
2010,DE,18.775
2010,FL,18.4
2010,GA,17.835
2010,HI,20.995
2010,IA,16.24
2010,ID,16.87
2010,IL,17.13
2010,IN,16.575
2010,KS,17.56
2010,KY,16.34
2010,LA,15.93
2010,MA,19.535
2010,MD,18.369999999999997
2010,ME,16.445
2010,MI,18.28
2010,MN,17.0
2010,MO,16.33
2010,MS,16.975
2010,MT,14.06
2010,NC,18.935000000000002
2010,ND,16.655
2010,NE,16.875
2010,NH,18.53
2010,NJ,19.740000000000002
2010,NM,17.314999999999998
2010,NV,18.765
2010,NY,18.005000000000003
2010,OH,18.005
2010,OK,17.395
2010,OR,17.915
2010,PA,19.255
2010,RI,18.17
2010,SC,16.62
2010,SD,17.22
2010,TN,18.66
2010,TX,17.115000000000002
2010,US,18.345
2010,UT,17.59
2010,VA,18.259999999999998
2010,VT,16.435000000000002
2010,WA,17.83
2010,WI,16.825000000000003
2010,WV,17.3
2010,WY,16.605
2011,AK,22.805
2011,AL,22.380000000000003
2011,AR,21.325000000000003
2011,AZ,23.34
2011,CA,24.855
2011,CO,22.41
2011,CT,24.52
2011,DC,16.330000000000002
2011,DE,22.605
2011,FL,23.71
2011,GA,22.555
2011,HI,25.43
2011,IA,18.674999999999997
2011,ID,19.145000000000003
2011,IL,19.71
2011,IN,20.314999999999998
2011,KS,21.33
2011,KY,20.8
2011,LA,20.165
2011,MA,24.25
2011,MD,23.645
2011,ME,22.549999999999997
2011,MI,22.28
2011,MN,22.29
2011,MO,21.5
2011,MS,21.28
2011,MT,15.41
2011,NC,23.0
2011,ND,19.64
2011,NE,19.805
2011,NH,22.95
2011,NJ,24.19
2011,NM,22.685
2011,NV,22.76
2011,NY,22.77
2011,OH,21.085
2011,OK,21.885
2011,OR,22.72
2011,PA,22.72
2011,RI,22.95
2011,SC,21.86
2011,SD,20.705
2011,TN,22.57
2011,TX,20.95
2011,US,22.6
2011,UT,21.265
2011,VA,22.32
2011,VT,21.11
2011,WA,21.205
2011,WI,20.78
2011,WV,23.1
2011,WY,18.8
2012,AK,20.9
2012,AL,20.58
2012,AR,20.14
2012,AZ,21.950000000000003
2012,CA,23.28
2012,CO,21.08
2012,CT,23.71
2012,DC,17.259999999999998
2012,DE,22.285
2012,FL,23.23
2012,GA,21.955
2012,HI,25.07
2012,IA,16.91
2012,ID,19.61
2012,IL,17.409999999999997
2012,IN,18.21
2012,KS,18.634999999999998
2012,KY,17.99
2012,LA,17.5
2012,MA,23.405
2012,MD,23.03
2012,ME,22.05
2012,MI,20.845
2012,MN,18.255000000000003
2012,MO,18.01
2012,MS,21.225
2012,MT,16.740000000000002
2012,NC,22.96
2012,ND,17.12
2012,NE,16.705
2012,NH,22.82
2012,NJ,23.04
2012,NM,19.66
2012,NV,21.93
2012,NY,21.755
2012,OH,20.22
2012,OK,18.95
2012,OR,21.72
2012,PA,23.1
2012,RI,23.490000000000002
2012,SC,20.314999999999998
2012,SD,17.689999999999998
2012,TN,20.87
2012,TX,18.895
2012,US,20.41
2012,UT,20.955
2012,VA,21.950000000000003
2012,VT,21.494999999999997
2012,WA,20.49
2012,WI,17.5
2012,WV,21.205
2012,WY,18.655
2013,AK,20.705
2013,AL,20.15
2013,AR,20.66
2013,AZ,22.17
2013,CA,22.835
2013,CO,21.32
2013,CT,22.59
2013,DC,15.51
2013,DE,21.535
2013,FL,22.37
2013,GA,21.91
2013,HI,22.9
2013,IA,16.855
2013,ID,20.155
2013,IL,17.925
2013,IN,18.53
2013,KS,18.575
2013,KY,19.299999999999997
2013,LA,17.775
2013,MA,22.805
2013,MD,22.18
2013,ME,20.439999999999998
2013,MI,20.29
2013,MN,18.55
2013,MO,18.49
2013,MS,21.384999999999998
2013,MT,16.76
2013,NC,22.3
2013,ND,17.53
2013,NE,17.69
2013,NH,22.15
2013,NJ,22.1
2013,NM,21.61
2013,NV,21.375
2013,NY,21.615000000000002
2013,OH,19.92
2013,OK,19.32
2013,OR,21.97
2013,PA,22.1
2013,RI,22.05
2013,SC,21.445
2013,SD,17.65
2013,TN,21.7
2013,TX,18.29
2013,US,19.98
2013,UT,21.3
2013,VA,21.52
2013,VT,21.585
2013,WA,21.12
2013,WI,17.73
2013,WV,20.72
2013,WY,19.27
2014,AK,20.73
2014,AL,19.605
2014,AR,20.03
2014,AZ,21.89
2014,CA,23.32
2014,CO,20.94
2014,CT,22.79
2014,DC,15.93
2014,DE,20.925
2014,FL,22.43
2014,GA,21.634999999999998
2014,HI,22.8
2014,IA,17.905
2014,ID,20.869999999999997
2014,IL,20.08
2014,IN,20.375
2014,KS,20.59
2014,KY,18.0
2014,LA,17.869999999999997
2014,MA,23.665
2014,MD,22.65
2014,ME,20.36
2014,MI,20.17
2014,MN,20.35
2014,MO,20.355
2014,MS,19.84
2014,MT,16.34
2014,NC,22.1
2014,ND,18.085
2014,NE,20.1
2014,NH,22.255000000000003
2014,NJ,22.95
2014,NM,20.17
2014,NV,20.99
2014,NY,21.6
2014,OH,20.525
2014,OK,19.93
2014,OR,20.91
2014,PA,22.57
2014,RI,21.22
2014,SC,21.72
2014,SD,20.625
2014,TN,20.59
2014,TX,18.494999999999997
2014,US,20.689999999999998
2014,UT,21.3
2014,VA,21.58
2014,VT,21.44
2014,WA,20.735
2014,WI,20.130000000000003
2014,WV,20.96
2014,WY,20.240000000000002
2015,AK,13.45
2015,AL,12.66
2015,AR,13.21
2015,AZ,14.945
2015,CA,14.89
2015,CO,13.6
2015,CT,15.545
2015,DC,12.65
2015,DE,13.559999999999999
2015,FL,15.469999999999999
2015,GA,15.11
2015,HI,14.72
2015,IA,11.88
2015,ID,13.93
2015,IL,13.305
2015,IN,13.53
2015,KS,12.739999999999998
2015,KY,11.88
2015,LA,11.565000000000001
2015,MA,15.585
2015,MD,14.219999999999999
2015,ME,14.165
2015,MI,13.07
2015,MN,13.285
2015,MO,12.88
2015,MS,12.7
2015,MT,11.72
2015,NC,14.105
2015,ND,11.685
2015,NE,12.18
2015,NH,14.675
2015,NJ,14.655000000000001
2015,NM,14.65
2015,NV,15.0
2015,NY,14.625
2015,OH,14.27
2015,OK,13.57
2015,OR,13.99
2015,PA,14.719999999999999
2015,RI,15.780000000000001
2015,SC,13.71
2015,SD,12.665
2015,TN,12.78
2015,TX,11.86
2015,US,13.04
2015,UT,14.43
2015,VA,14.425
2015,VT,15.024999999999999
2015,WA,13.02
2015,WI,13.5
2015,WV,13.879999999999999
2015,WY,13.435
2016,AK,11.969999999999999
2016,AL,11.39
2016,AR,11.46
2016,AZ,13.16
2016,CA,13.315000000000001
2016,CO,10.93
2016,CT,12.940000000000001
2016,DC,9.93
2016,DE,11.26
2016,FL,12.98
2016,GA,12.665
2016,HI,12.870000000000001
2016,IA,10.13
2016,ID,11.195
2016,IL,11.05
2016,IN,10.94
2016,KS,10.965
2016,KY,10.415
2016,LA,9.35
2016,MA,13.55
2016,MD,12.325
2016,ME,11.625
2016,MI,10.879999999999999
2016,MN,11.34
2016,MO,11.355
2016,MS,11.72
2016,MT,9.88
2016,NC,12.375
2016,ND,9.46
2016,NE,11.02
2016,NH,12.74
2016,NJ,12.93
2016,NM,11.83
2016,NV,12.915
2016,NY,12.285
2016,OH,12.045
2016,OK,11.4
2016,OR,12.28
2016,PA,12.945
2016,RI,13.18
2016,SC,12.05
2016,SD,11.03
2016,TN,10.61
2016,TX,10.280000000000001
2016,US,11.185
2016,UT,11.75
2016,VA,12.29
2016,VT,13.1
2016,WA,12.42
2016,WI,11.575
2016,WV,11.805
2016,WY,10.82
2017,AK,15.445
2017,AL,13.86
2017,AR,13.61
2017,AZ,16.240000000000002
2017,CA,17.11
2017,CO,14.745000000000001
2017,CT,15.795
2017,DC,10.215
2017,DE,13.370000000000001
2017,FL,15.870000000000001
2017,GA,14.79
2017,HI,15.515
2017,IA,12.835
2017,ID,14.32
2017,IL,13.605
2017,IN,13.96
2017,KS,13.74
2017,KY,12.23
2017,LA,11.64
2017,MA,16.46
2017,MD,15.25
2017,ME,13.515
2017,MI,13.805
2017,MN,14.120000000000001
2017,MO,13.87
2017,MS,13.535
2017,MT,11.74
2017,NC,15.690000000000001
2017,ND,12.1
2017,NE,13.705
2017,NH,14.94
2017,NJ,16.46
2017,NM,14.594999999999999
2017,NV,15.305
2017,NY,14.66
2017,OH,14.370000000000001
2017,OK,13.9
2017,OR,15.565
2017,PA,16.515
2017,RI,14.684999999999999
2017,SC,14.594999999999999
2017,SD,13.73
2017,TN,14.06
2017,TX,12.39
2017,US,13.465
2017,UT,15.094999999999999
2017,VA,14.89
2017,VT,15.114999999999998
2017,WA,16.310000000000002
2017,WI,13.715
2017,WV,14.625
2017,WY,14.15
